Serial Number,Edition
1234566,1
1234567,2
1234568,3
1234569,4
1234570,5
1234571,6
1234572,7
1234573,8
1234574,9
1234575,10
1234576,11
1234577,12
1234578,13
1234579,14
1234580,15
1234581,16
1234582,17
1234583,18
1234584,19
1234585,20
1234586,21
1234587,22
1234588,23
1234589,24
1234590,25
1234591,26
1234592,27
1234593,28
1234594,29
1234595,30
1234596,31
1234597,32
1234598,33
1234599,34
1234600,35
1234601,36
1234602,37
1234603,38
1234604,39
1234605,40
1234606,41
1234607,42
1234608,43
1234609,44
1234610,45
1234611,46
1234612,47
1234613,48
1234614,49
1234615,50
